lecture_id,lecture_id_str,lecture_name,semester_id,academic_week,lecture_date,day_name,start_time,end_time,lecture_status,course_id,course_code,course_name,group_id,group_code,group_name,lecturer_id,lecturer_id_str,lecturer_name,room,expected_students
1,L001,CS301 Lecture 1 - Part A,SPRING2026,1,2026-02-09,Monday,10:00:00.000,11:00:00.000,analyzed,1,CS301,Artificial Intelligence,1,G01,Group A,1,T01,Dr. Ahmed,Room 204,20
2,L002,CS301 Lecture 1 - Part B,SPRING2026,1,2026-02-11,Wednesday,14:00:00.000,15:00:00.000,analyzed,1,CS301,Artificial Intelligence,1,G01,Group A,1,T01,Dr. Ahmed,Room 204,20
3,L003,CS301 Lecture 1 - Part A,SPRING2026,1,2026-02-09,Monday,10:00:00.000,11:00:00.000,analyzed,1,CS301,Artificial Intelligence,2,G02,Group B,1,T01,Dr. Ahmed,Room 204,20
4,L004,CS301 Lecture 1 - Part B,SPRING2026,1,2026-02-11,Wednesday,14:00:00.000,15:00:00.000,analyzed,1,CS301,Artificial Intelligence,2,G02,Group B,1,T01,Dr. Ahmed,Room 204,20
5,L005,CS302 Lecture 1 - Part A,SPRING2026,1,2026-02-09,Monday,10:00:00.000,11:00:00.000,analyzed,2,CS302,Data Science Fundamentals,3,G03,Group A,1,T01,Dr. Ahmed,Room 305,20
6,L006,CS302 Lecture 1 - Part B,SPRING2026,1,2026-02-11,Wednesday,14:00:00.000,15:00:00.000,analyzed,2,CS302,Data Science Fundamentals,3,G03,Group A,1,T01,Dr. Ahmed,Room 501,20
7,L007,CS302 Lecture 1 - Part A,SPRING2026,1,2026-02-09,Monday,10:00:00.000,11:00:00.000,analyzed,2,CS302,Data Science Fundamentals,4,G04,Group B,1,T01,Dr. Ahmed,Room 305,20
8,L008,CS302 Lecture 1 - Part B,SPRING2026,1,2026-02-11,Wednesday,14:00:00.000,15:00:00.000,analyzed,2,CS302,Data Science Fundamentals,4,G04,Group B,1,T01,Dr. Ahmed,Room 305,20
9,L009,CS401 Lecture 1 - Part A,SPRING2026,1,2026-02-09,Monday,10:00:00.000,11:00:00.000,analyzed,3,CS401,Advanced Machine Learning,5,G05,Group A,2,T02,Dr. Smith,Room 204,20
10,L010,CS401 Lecture 1 - Part B,SPRING2026,1,2026-02-11,Wednesday,14:00:00.000,15:00:00.000,analyzed,3,CS401,Advanced Machine Learning,5,G05,Group A,2,T02,Dr. Smith,Room 501,20
11,L011,MATH201 Lecture 1 - Part A,SPRING2026,1,2026-02-09,Monday,10:00:00.000,11:00:00.000,analyzed,4,MATH201,Statistics for Data Analysis,6,G06,Group B,2,T02,Dr. Smith,Room 401,20
12,L012,MATH201 Lecture 1 - Part B,SPRING2026,1,2026-02-11,Wednesday,14:00:00.000,15:00:00.000,analyzed,4,MATH201,Statistics for Data Analysis,6,G06,Group B,2,T02,Dr. Smith,Room 501,20
13,L013,CS301 Lecture 1 - Part A,SPRING2026,1,2026-02-09,Monday,10:00:00.000,11:00:00.000,analyzed,1,CS301,Artificial Intelligence,1,G01,Group A,3,T03,Dr. Johnson,Room 401,20
14,L014,CS301 Lecture 1 - Part B,SPRING2026,1,2026-02-11,Wednesday,14:00:00.000,15:00:00.000,analyzed,1,CS301,Artificial Intelligence,1,G01,Group A,3,T03,Dr. Johnson,Room 501,20
15,L015,CS302 Lecture 1 - Part A,SPRING2026,1,2026-02-09,Monday,10:00:00.000,11:00:00.000,analyzed,2,CS302,Data Science Fundamentals,3,G03,Group A,3,T03,Dr. Johnson,Room 204,20
16,L016,CS302 Lecture 1 - Part B,SPRING2026,1,2026-02-11,Wednesday,14:00:00.000,15:00:00.000,analyzed,2,CS302,Data Science Fundamentals,3,G03,Group A,3,T03,Dr. Johnson,Room 204,20
17,L017,CS301 Lecture 2 - Part A,SPRING2026,2,2026-02-16,Monday,10:00:00.000,11:00:00.000,analyzed,1,CS301,Artificial Intelligence,1,G01,Group A,1,T01,Dr. Ahmed,Room 305,20
18,L018,CS301 Lecture 2 - Part B,SPRING2026,2,2026-02-18,Wednesday,14:00:00.000,15:00:00.000,analyzed,1,CS301,Artificial Intelligence,1,G01,Group A,1,T01,Dr. Ahmed,Room 501,20
19,L019,CS301 Lecture 2 - Part A,SPRING2026,2,2026-02-16,Monday,10:00:00.000,11:00:00.000,analyzed,1,CS301,Artificial Intelligence,2,G02,Group B,1,T01,Dr. Ahmed,Room 305,20
20,L020,CS301 Lecture 2 - Part B,SPRING2026,2,2026-02-18,Wednesday,14:00:00.000,15:00:00.000,analyzed,1,CS301,Artificial Intelligence,2,G02,Group B,1,T01,Dr. Ahmed,Room 305,20
21,L021,CS302 Lecture 2 - Part A,SPRING2026,2,2026-02-16,Monday,10:00:00.000,11:00:00.000,analyzed,2,CS302,Data Science Fundamentals,3,G03,Group A,1,T01,Dr. Ahmed,Room 401,20
22,L022,CS302 Lecture 2 - Part B,SPRING2026,2,2026-02-18,Wednesday,14:00:00.000,15:00:00.000,analyzed,2,CS302,Data Science Fundamentals,3,G03,Group A,1,T01,Dr. Ahmed,Room 401,20
23,L023,CS302 Lecture 2 - Part A,SPRING2026,2,2026-02-16,Monday,10:00:00.000,11:00:00.000,analyzed,2,CS302,Data Science Fundamentals,4,G04,Group B,1,T01,Dr. Ahmed,Room 204,20
24,L024,CS302 Lecture 2 - Part B,SPRING2026,2,2026-02-18,Wednesday,14:00:00.000,15:00:00.000,analyzed,2,CS302,Data Science Fundamentals,4,G04,Group B,1,T01,Dr. Ahmed,Room 204,20
25,L025,CS401 Lecture 2 - Part A,SPRING2026,2,2026-02-16,Monday,10:00:00.000,11:00:00.000,analyzed,3,CS401,Advanced Machine Learning,5,G05,Group A,2,T02,Dr. Smith,Room 401,20
26,L026,CS401 Lecture 2 - Part B,SPRING2026,2,2026-02-18,Wednesday,14:00:00.000,15:00:00.000,analyzed,3,CS401,Advanced Machine Learning,5,G05,Group A,2,T02,Dr. Smith,Room 501,20
27,L027,MATH201 Lecture 2 - Part A,SPRING2026,2,2026-02-16,Monday,10:00:00.000,11:00:00.000,analyzed,4,MATH201,Statistics for Data Analysis,6,G06,Group B,2,T02,Dr. Smith,Room 204,20
28,L028,MATH201 Lecture 2 - Part B,SPRING2026,2,2026-02-18,Wednesday,14:00:00.000,15:00:00.000,analyzed,4,MATH201,Statistics for Data Analysis,6,G06,Group B,2,T02,Dr. Smith,Room 401,20
29,L029,CS301 Lecture 2 - Part A,SPRING2026,2,2026-02-16,Monday,10:00:00.000,11:00:00.000,analyzed,1,CS301,Artificial Intelligence,1,G01,Group A,3,T03,Dr. Johnson,Room 204,20
30,L030,CS301 Lecture 2 - Part B,SPRING2026,2,2026-02-18,Wednesday,14:00:00.000,15:00:00.000,analyzed,1,CS301,Artificial Intelligence,1,G01,Group A,3,T03,Dr. Johnson,Room 204,20
31,L031,CS302 Lecture 2 - Part A,SPRING2026,2,2026-02-16,Monday,10:00:00.000,11:00:00.000,analyzed,2,CS302,Data Science Fundamentals,3,G03,Group A,3,T03,Dr. Johnson,Room 501,20
32,L032,CS302 Lecture 2 - Part B,SPRING2026,2,2026-02-18,Wednesday,14:00:00.000,15:00:00.000,analyzed,2,CS302,Data Science Fundamentals,3,G03,Group A,3,T03,Dr. Johnson,Room 305,20
33,L033,CS301 Lecture 3 - Part A,SPRING2026,3,2026-02-23,Monday,10:00:00.000,11:00:00.000,analyzed,1,CS301,Artificial Intelligence,1,G01,Group A,1,T01,Dr. Ahmed,Room 501,20
34,L034,CS301 Lecture 3 - Part B,SPRING2026,3,2026-02-25,Wednesday,14:00:00.000,15:00:00.000,analyzed,1,CS301,Artificial Intelligence,1,G01,Group A,1,T01,Dr. Ahmed,Room 501,20
35,L035,CS301 Lecture 3 - Part A,SPRING2026,3,2026-02-23,Monday,10:00:00.000,11:00:00.000,analyzed,1,CS301,Artificial Intelligence,2,G02,Group B,1,T01,Dr. Ahmed,Room 401,20
36,L036,CS301 Lecture 3 - Part B,SPRING2026,3,2026-02-25,Wednesday,14:00:00.000,15:00:00.000,analyzed,1,CS301,Artificial Intelligence,2,G02,Group B,1,T01,Dr. Ahmed,Room 305,20
37,L037,CS302 Lecture 3 - Part A,SPRING2026,3,2026-02-23,Monday,10:00:00.000,11:00:00.000,analyzed,2,CS302,Data Science Fundamentals,3,G03,Group A,1,T01,Dr. Ahmed,Room 204,20
38,L038,CS302 Lecture 3 - Part B,SPRING2026,3,2026-02-25,Wednesday,14:00:00.000,15:00:00.000,analyzed,2,CS302,Data Science Fundamentals,3,G03,Group A,1,T01,Dr. Ahmed,Room 305,20
39,L039,CS302 Lecture 3 - Part A,SPRING2026,3,2026-02-23,Monday,10:00:00.000,11:00:00.000,analyzed,2,CS302,Data Science Fundamentals,4,G04,Group B,1,T01,Dr. Ahmed,Room 501,20
40,L040,CS302 Lecture 3 - Part B,SPRING2026,3,2026-02-25,Wednesday,14:00:00.000,15:00:00.000,analyzed,2,CS302,Data Science Fundamentals,4,G04,Group B,1,T01,Dr. Ahmed,Room 305,20
41,L041,CS401 Lecture 3 - Part A,SPRING2026,3,2026-02-23,Monday,10:00:00.000,11:00:00.000,analyzed,3,CS401,Advanced Machine Learning,5,G05,Group A,2,T02,Dr. Smith,Room 401,20
42,L042,CS401 Lecture 3 - Part B,SPRING2026,3,2026-02-25,Wednesday,14:00:00.000,15:00:00.000,analyzed,3,CS401,Advanced Machine Learning,5,G05,Group A,2,T02,Dr. Smith,Room 401,20
43,L043,MATH201 Lecture 3 - Part A,SPRING2026,3,2026-02-23,Monday,10:00:00.000,11:00:00.000,analyzed,4,MATH201,Statistics for Data Analysis,6,G06,Group B,2,T02,Dr. Smith,Room 305,20
44,L044,MATH201 Lecture 3 - Part B,SPRING2026,3,2026-02-25,Wednesday,14:00:00.000,15:00:00.000,analyzed,4,MATH201,Statistics for Data Analysis,6,G06,Group B,2,T02,Dr. Smith,Room 305,20
45,L045,CS301 Lecture 3 - Part A,SPRING2026,3,2026-02-23,Monday,10:00:00.000,11:00:00.000,analyzed,1,CS301,Artificial Intelligence,1,G01,Group A,3,T03,Dr. Johnson,Room 501,20
46,L046,CS301 Lecture 3 - Part B,SPRING2026,3,2026-02-25,Wednesday,14:00:00.000,15:00:00.000,analyzed,1,CS301,Artificial Intelligence,1,G01,Group A,3,T03,Dr. Johnson,Room 501,20
47,L047,CS302 Lecture 3 - Part A,SPRING2026,3,2026-02-23,Monday,10:00:00.000,11:00:00.000,analyzed,2,CS302,Data Science Fundamentals,3,G03,Group A,3,T03,Dr. Johnson,Room 501,20
48,L048,CS302 Lecture 3 - Part B,SPRING2026,3,2026-02-25,Wednesday,14:00:00.000,15:00:00.000,analyzed,2,CS302,Data Science Fundamentals,3,G03,Group A,3,T03,Dr. Johnson,Room 305,20
49,L049,CS301 Lecture 4 - Part A,SPRING2026,4,2026-03-02,Monday,10:00:00.000,11:00:00.000,analyzed,1,CS301,Artificial Intelligence,1,G01,Group A,1,T01,Dr. Ahmed,Room 305,20
50,L050,CS301 Lecture 4 - Part B,SPRING2026,4,2026-03-04,Wednesday,14:00:00.000,15:00:00.000,analyzed,1,CS301,Artificial Intelligence,1,G01,Group A,1,T01,Dr. Ahmed,Room 204,20
51,L051,CS301 Lecture 4 - Part A,SPRING2026,4,2026-03-02,Monday,10:00:00.000,11:00:00.000,analyzed,1,CS301,Artificial Intelligence,2,G02,Group B,1,T01,Dr. Ahmed,Room 501,20
52,L052,CS301 Lecture 4 - Part B,SPRING2026,4,2026-03-04,Wednesday,14:00:00.000,15:00:00.000,analyzed,1,CS301,Artificial Intelligence,2,G02,Group B,1,T01,Dr. Ahmed,Room 204,20
53,L053,CS302 Lecture 4 - Part A,SPRING2026,4,2026-03-02,Monday,10:00:00.000,11:00:00.000,analyzed,2,CS302,Data Science Fundamentals,3,G03,Group A,1,T01,Dr. Ahmed,Room 501,20
54,L054,CS302 Lecture 4 - Part B,SPRING2026,4,2026-03-04,Wednesday,14:00:00.000,15:00:00.000,analyzed,2,CS302,Data Science Fundamentals,3,G03,Group A,1,T01,Dr. Ahmed,Room 305,20
55,L055,CS302 Lecture 4 - Part A,SPRING2026,4,2026-03-02,Monday,10:00:00.000,11:00:00.000,analyzed,2,CS302,Data Science Fundamentals,4,G04,Group B,1,T01,Dr. Ahmed,Room 501,20
56,L056,CS302 Lecture 4 - Part B,SPRING2026,4,2026-03-04,Wednesday,14:00:00.000,15:00:00.000,analyzed,2,CS302,Data Science Fundamentals,4,G04,Group B,1,T01,Dr. Ahmed,Room 305,20
57,L057,CS401 Lecture 4 - Part A,SPRING2026,4,2026-03-02,Monday,10:00:00.000,11:00:00.000,analyzed,3,CS401,Advanced Machine Learning,5,G05,Group A,2,T02,Dr. Smith,Room 401,20
58,L058,CS401 Lecture 4 - Part B,SPRING2026,4,2026-03-04,Wednesday,14:00:00.000,15:00:00.000,analyzed,3,CS401,Advanced Machine Learning,5,G05,Group A,2,T02,Dr. Smith,Room 501,20
59,L059,MATH201 Lecture 4 - Part A,SPRING2026,4,2026-03-02,Monday,10:00:00.000,11:00:00.000,analyzed,4,MATH201,Statistics for Data Analysis,6,G06,Group B,2,T02,Dr. Smith,Room 401,20
60,L060,MATH201 Lecture 4 - Part B,SPRING2026,4,2026-03-04,Wednesday,14:00:00.000,15:00:00.000,analyzed,4,MATH201,Statistics for Data Analysis,6,G06,Group B,2,T02,Dr. Smith,Room 204,20
61,L061,CS301 Lecture 4 - Part A,SPRING2026,4,2026-03-02,Monday,10:00:00.000,11:00:00.000,analyzed,1,CS301,Artificial Intelligence,1,G01,Group A,3,T03,Dr. Johnson,Room 204,20
62,L062,CS301 Lecture 4 - Part B,SPRING2026,4,2026-03-04,Wednesday,14:00:00.000,15:00:00.000,analyzed,1,CS301,Artificial Intelligence,1,G01,Group A,3,T03,Dr. Johnson,Room 305,20
63,L063,CS302 Lecture 4 - Part A,SPRING2026,4,2026-03-02,Monday,10:00:00.000,11:00:00.000,analyzed,2,CS302,Data Science Fundamentals,3,G03,Group A,3,T03,Dr. Johnson,Room 305,20
64,L064,CS302 Lecture 4 - Part B,SPRING2026,4,2026-03-04,Wednesday,14:00:00.000,15:00:00.000,analyzed,2,CS302,Data Science Fundamentals,3,G03,Group A,3,T03,Dr. Johnson,Room 305,20
65,L065,CS301 Lecture 5 - Part A,SPRING2026,5,2026-03-09,Monday,10:00:00.000,11:00:00.000,analyzed,1,CS301,Artificial Intelligence,1,G01,Group A,1,T01,Dr. Ahmed,Room 305,20
66,L066,CS301 Lecture 5 - Part B,SPRING2026,5,2026-03-11,Wednesday,14:00:00.000,15:00:00.000,analyzed,1,CS301,Artificial Intelligence,1,G01,Group A,1,T01,Dr. Ahmed,Room 305,20
67,L067,CS301 Lecture 5 - Part A,SPRING2026,5,2026-03-09,Monday,10:00:00.000,11:00:00.000,analyzed,1,CS301,Artificial Intelligence,2,G02,Group B,1,T01,Dr. Ahmed,Room 501,20
68,L068,CS301 Lecture 5 - Part B,SPRING2026,5,2026-03-11,Wednesday,14:00:00.000,15:00:00.000,analyzed,1,CS301,Artificial Intelligence,2,G02,Group B,1,T01,Dr. Ahmed,Room 401,20
69,L069,CS302 Lecture 5 - Part A,SPRING2026,5,2026-03-09,Monday,10:00:00.000,11:00:00.000,analyzed,2,CS302,Data Science Fundamentals,3,G03,Group A,1,T01,Dr. Ahmed,Room 305,20
70,L070,CS302 Lecture 5 - Part B,SPRING2026,5,2026-03-11,Wednesday,14:00:00.000,15:00:00.000,analyzed,2,CS302,Data Science Fundamentals,3,G03,Group A,1,T01,Dr. Ahmed,Room 204,20
71,L071,CS302 Lecture 5 - Part A,SPRING2026,5,2026-03-09,Monday,10:00:00.000,11:00:00.000,analyzed,2,CS302,Data Science Fundamentals,4,G04,Group B,1,T01,Dr. Ahmed,Room 305,20
72,L072,CS302 Lecture 5 - Part B,SPRING2026,5,2026-03-11,Wednesday,14:00:00.000,15:00:00.000,analyzed,2,CS302,Data Science Fundamentals,4,G04,Group B,1,T01,Dr. Ahmed,Room 401,20
73,L073,CS401 Lecture 5 - Part A,SPRING2026,5,2026-03-09,Monday,10:00:00.000,11:00:00.000,analyzed,3,CS401,Advanced Machine Learning,5,G05,Group A,2,T02,Dr. Smith,Room 305,20
74,L074,CS401 Lecture 5 - Part B,SPRING2026,5,2026-03-11,Wednesday,14:00:00.000,15:00:00.000,analyzed,3,CS401,Advanced Machine Learning,5,G05,Group A,2,T02,Dr. Smith,Room 305,20
75,L075,MATH201 Lecture 5 - Part A,SPRING2026,5,2026-03-09,Monday,10:00:00.000,11:00:00.000,analyzed,4,MATH201,Statistics for Data Analysis,6,G06,Group B,2,T02,Dr. Smith,Room 305,20
76,L076,MATH201 Lecture 5 - Part B,SPRING2026,5,2026-03-11,Wednesday,14:00:00.000,15:00:00.000,analyzed,4,MATH201,Statistics for Data Analysis,6,G06,Group B,2,T02,Dr. Smith,Room 501,20
77,L077,CS301 Lecture 5 - Part A,SPRING2026,5,2026-03-09,Monday,10:00:00.000,11:00:00.000,analyzed,1,CS301,Artificial Intelligence,1,G01,Group A,3,T03,Dr. Johnson,Room 204,20
78,L078,CS301 Lecture 5 - Part B,SPRING2026,5,2026-03-11,Wednesday,14:00:00.000,15:00:00.000,analyzed,1,CS301,Artificial Intelligence,1,G01,Group A,3,T03,Dr. Johnson,Room 204,20
79,L079,CS302 Lecture 5 - Part A,SPRING2026,5,2026-03-09,Monday,10:00:00.000,11:00:00.000,analyzed,2,CS302,Data Science Fundamentals,3,G03,Group A,3,T03,Dr. Johnson,Room 204,20
80,L080,CS302 Lecture 5 - Part B,SPRING2026,5,2026-03-11,Wednesday,14:00:00.000,15:00:00.000,analyzed,2,CS302,Data Science Fundamentals,3,G03,Group A,3,T03,Dr. Johnson,Room 401,20
81,L081,CS301 Lecture 6 - Part A,SPRING2026,6,2026-03-16,Monday,10:00:00.000,11:00:00.000,scheduled,1,CS301,Artificial Intelligence,1,G01,Group A,1,T01,Dr. Ahmed,Room 501,20
82,L082,CS301 Lecture 6 - Part B,SPRING2026,6,2026-03-18,Wednesday,14:00:00.000,15:00:00.000,scheduled,1,CS301,Artificial Intelligence,1,G01,Group A,1,T01,Dr. Ahmed,Room 204,20
83,L083,CS301 Lecture 6 - Part A,SPRING2026,6,2026-03-16,Monday,10:00:00.000,11:00:00.000,scheduled,1,CS301,Artificial Intelligence,2,G02,Group B,1,T01,Dr. Ahmed,Room 305,20
84,L084,CS301 Lecture 6 - Part B,SPRING2026,6,2026-03-18,Wednesday,14:00:00.000,15:00:00.000,scheduled,1,CS301,Artificial Intelligence,2,G02,Group B,1,T01,Dr. Ahmed,Room 204,20
85,L085,CS302 Lecture 6 - Part A,SPRING2026,6,2026-03-16,Monday,10:00:00.000,11:00:00.000,scheduled,2,CS302,Data Science Fundamentals,3,G03,Group A,1,T01,Dr. Ahmed,Room 204,20
86,L086,CS302 Lecture 6 - Part B,SPRING2026,6,2026-03-18,Wednesday,14:00:00.000,15:00:00.000,scheduled,2,CS302,Data Science Fundamentals,3,G03,Group A,1,T01,Dr. Ahmed,Room 501,20
87,L087,CS302 Lecture 6 - Part A,SPRING2026,6,2026-03-16,Monday,10:00:00.000,11:00:00.000,scheduled,2,CS302,Data Science Fundamentals,4,G04,Group B,1,T01,Dr. Ahmed,Room 501,20
88,L088,CS302 Lecture 6 - Part B,SPRING2026,6,2026-03-18,Wednesday,14:00:00.000,15:00:00.000,scheduled,2,CS302,Data Science Fundamentals,4,G04,Group B,1,T01,Dr. Ahmed,Room 204,20
89,L089,CS401 Lecture 6 - Part A,SPRING2026,6,2026-03-16,Monday,10:00:00.000,11:00:00.000,scheduled,3,CS401,Advanced Machine Learning,5,G05,Group A,2,T02,Dr. Smith,Room 401,20
90,L090,CS401 Lecture 6 - Part B,SPRING2026,6,2026-03-18,Wednesday,14:00:00.000,15:00:00.000,scheduled,3,CS401,Advanced Machine Learning,5,G05,Group A,2,T02,Dr. Smith,Room 401,20
91,L091,MATH201 Lecture 6 - Part A,SPRING2026,6,2026-03-16,Monday,10:00:00.000,11:00:00.000,scheduled,4,MATH201,Statistics for Data Analysis,6,G06,Group B,2,T02,Dr. Smith,Room 204,20
92,L092,MATH201 Lecture 6 - Part B,SPRING2026,6,2026-03-18,Wednesday,14:00:00.000,15:00:00.000,scheduled,4,MATH201,Statistics for Data Analysis,6,G06,Group B,2,T02,Dr. Smith,Room 501,20
93,L093,CS301 Lecture 6 - Part A,SPRING2026,6,2026-03-16,Monday,10:00:00.000,11:00:00.000,scheduled,1,CS301,Artificial Intelligence,1,G01,Group A,3,T03,Dr. Johnson,Room 204,20
94,L094,CS301 Lecture 6 - Part B,SPRING2026,6,2026-03-18,Wednesday,14:00:00.000,15:00:00.000,scheduled,1,CS301,Artificial Intelligence,1,G01,Group A,3,T03,Dr. Johnson,Room 501,20
95,L095,CS302 Lecture 6 - Part A,SPRING2026,6,2026-03-16,Monday,10:00:00.000,11:00:00.000,scheduled,2,CS302,Data Science Fundamentals,3,G03,Group A,3,T03,Dr. Johnson,Room 501,20
96,L096,CS302 Lecture 6 - Part B,SPRING2026,6,2026-03-18,Wednesday,14:00:00.000,15:00:00.000,scheduled,2,CS302,Data Science Fundamentals,3,G03,Group A,3,T03,Dr. Johnson,Room 305,20
97,L097,CS301 Lecture 7 - Part A,SPRING2026,7,2026-03-23,Monday,10:00:00.000,11:00:00.000,scheduled,1,CS301,Artificial Intelligence,1,G01,Group A,1,T01,Dr. Ahmed,Room 204,20
98,L098,CS301 Lecture 7 - Part B,SPRING2026,7,2026-03-25,Wednesday,14:00:00.000,15:00:00.000,scheduled,1,CS301,Artificial Intelligence,1,G01,Group A,1,T01,Dr. Ahmed,Room 501,20
99,L099,CS301 Lecture 7 - Part A,SPRING2026,7,2026-03-23,Monday,10:00:00.000,11:00:00.000,scheduled,1,CS301,Artificial Intelligence,2,G02,Group B,1,T01,Dr. Ahmed,Room 305,20
100,L100,CS301 Lecture 7 - Part B,SPRING2026,7,2026-03-25,Wednesday,14:00:00.000,15:00:00.000,scheduled,1,CS301,Artificial Intelligence,2,G02,Group B,1,T01,Dr. Ahmed,Room 305,20
101,L101,CS302 Lecture 7 - Part A,SPRING2026,7,2026-03-23,Monday,10:00:00.000,11:00:00.000,scheduled,2,CS302,Data Science Fundamentals,3,G03,Group A,1,T01,Dr. Ahmed,Room 305,20
102,L102,CS302 Lecture 7 - Part B,SPRING2026,7,2026-03-25,Wednesday,14:00:00.000,15:00:00.000,scheduled,2,CS302,Data Science Fundamentals,3,G03,Group A,1,T01,Dr. Ahmed,Room 501,20
103,L103,CS302 Lecture 7 - Part A,SPRING2026,7,2026-03-23,Monday,10:00:00.000,11:00:00.000,scheduled,2,CS302,Data Science Fundamentals,4,G04,Group B,1,T01,Dr. Ahmed,Room 204,20
104,L104,CS302 Lecture 7 - Part B,SPRING2026,7,2026-03-25,Wednesday,14:00:00.000,15:00:00.000,scheduled,2,CS302,Data Science Fundamentals,4,G04,Group B,1,T01,Dr. Ahmed,Room 305,20
105,L105,CS401 Lecture 7 - Part A,SPRING2026,7,2026-03-23,Monday,10:00:00.000,11:00:00.000,scheduled,3,CS401,Advanced Machine Learning,5,G05,Group A,2,T02,Dr. Smith,Room 204,20
106,L106,CS401 Lecture 7 - Part B,SPRING2026,7,2026-03-25,Wednesday,14:00:00.000,15:00:00.000,scheduled,3,CS401,Advanced Machine Learning,5,G05,Group A,2,T02,Dr. Smith,Room 305,20
107,L107,MATH201 Lecture 7 - Part A,SPRING2026,7,2026-03-23,Monday,10:00:00.000,11:00:00.000,scheduled,4,MATH201,Statistics for Data Analysis,6,G06,Group B,2,T02,Dr. Smith,Room 501,20
108,L108,MATH201 Lecture 7 - Part B,SPRING2026,7,2026-03-25,Wednesday,14:00:00.000,15:00:00.000,scheduled,4,MATH201,Statistics for Data Analysis,6,G06,Group B,2,T02,Dr. Smith,Room 401,20
109,L109,CS301 Lecture 7 - Part A,SPRING2026,7,2026-03-23,Monday,10:00:00.000,11:00:00.000,scheduled,1,CS301,Artificial Intelligence,1,G01,Group A,3,T03,Dr. Johnson,Room 501,20
110,L110,CS301 Lecture 7 - Part B,SPRING2026,7,2026-03-25,Wednesday,14:00:00.000,15:00:00.000,scheduled,1,CS301,Artificial Intelligence,1,G01,Group A,3,T03,Dr. Johnson,Room 204,20
111,L111,CS302 Lecture 7 - Part A,SPRING2026,7,2026-03-23,Monday,10:00:00.000,11:00:00.000,scheduled,2,CS302,Data Science Fundamentals,3,G03,Group A,3,T03,Dr. Johnson,Room 501,20
112,L112,CS302 Lecture 7 - Part B,SPRING2026,7,2026-03-25,Wednesday,14:00:00.000,15:00:00.000,scheduled,2,CS302,Data Science Fundamentals,3,G03,Group A,3,T03,Dr. Johnson,Room 204,20
113,L113,CS301 Lecture 8 - Part A,SPRING2026,8,2026-03-30,Monday,10:00:00.000,11:00:00.000,scheduled,1,CS301,Artificial Intelligence,1,G01,Group A,1,T01,Dr. Ahmed,Room 501,20
114,L114,CS301 Lecture 8 - Part B,SPRING2026,8,2026-04-01,Wednesday,14:00:00.000,15:00:00.000,scheduled,1,CS301,Artificial Intelligence,1,G01,Group A,1,T01,Dr. Ahmed,Room 401,20
115,L115,CS301 Lecture 8 - Part A,SPRING2026,8,2026-03-30,Monday,10:00:00.000,11:00:00.000,scheduled,1,CS301,Artificial Intelligence,2,G02,Group B,1,T01,Dr. Ahmed,Room 305,20
116,L116,CS301 Lecture 8 - Part B,SPRING2026,8,2026-04-01,Wednesday,14:00:00.000,15:00:00.000,scheduled,1,CS301,Artificial Intelligence,2,G02,Group B,1,T01,Dr. Ahmed,Room 305,20
117,L117,CS302 Lecture 8 - Part A,SPRING2026,8,2026-03-30,Monday,10:00:00.000,11:00:00.000,scheduled,2,CS302,Data Science Fundamentals,3,G03,Group A,1,T01,Dr. Ahmed,Room 401,20
118,L118,CS302 Lecture 8 - Part B,SPRING2026,8,2026-04-01,Wednesday,14:00:00.000,15:00:00.000,scheduled,2,CS302,Data Science Fundamentals,3,G03,Group A,1,T01,Dr. Ahmed,Room 204,20
119,L119,CS302 Lecture 8 - Part A,SPRING2026,8,2026-03-30,Monday,10:00:00.000,11:00:00.000,scheduled,2,CS302,Data Science Fundamentals,4,G04,Group B,1,T01,Dr. Ahmed,Room 204,20
120,L120,CS302 Lecture 8 - Part B,SPRING2026,8,2026-04-01,Wednesday,14:00:00.000,15:00:00.000,scheduled,2,CS302,Data Science Fundamentals,4,G04,Group B,1,T01,Dr. Ahmed,Room 305,20
121,L121,CS401 Lecture 8 - Part A,SPRING2026,8,2026-03-30,Monday,10:00:00.000,11:00:00.000,scheduled,3,CS401,Advanced Machine Learning,5,G05,Group A,2,T02,Dr. Smith,Room 401,20
122,L122,CS401 Lecture 8 - Part B,SPRING2026,8,2026-04-01,Wednesday,14:00:00.000,15:00:00.000,scheduled,3,CS401,Advanced Machine Learning,5,G05,Group A,2,T02,Dr. Smith,Room 501,20
123,L123,MATH201 Lecture 8 - Part A,SPRING2026,8,2026-03-30,Monday,10:00:00.000,11:00:00.000,scheduled,4,MATH201,Statistics for Data Analysis,6,G06,Group B,2,T02,Dr. Smith,Room 501,20
124,L124,MATH201 Lecture 8 - Part B,SPRING2026,8,2026-04-01,Wednesday,14:00:00.000,15:00:00.000,scheduled,4,MATH201,Statistics for Data Analysis,6,G06,Group B,2,T02,Dr. Smith,Room 305,20
125,L125,CS301 Lecture 8 - Part A,SPRING2026,8,2026-03-30,Monday,10:00:00.000,11:00:00.000,scheduled,1,CS301,Artificial Intelligence,1,G01,Group A,3,T03,Dr. Johnson,Room 501,20
126,L126,CS301 Lecture 8 - Part B,SPRING2026,8,2026-04-01,Wednesday,14:00:00.000,15:00:00.000,scheduled,1,CS301,Artificial Intelligence,1,G01,Group A,3,T03,Dr. Johnson,Room 204,20
127,L127,CS302 Lecture 8 - Part A,SPRING2026,8,2026-03-30,Monday,10:00:00.000,11:00:00.000,scheduled,2,CS302,Data Science Fundamentals,3,G03,Group A,3,T03,Dr. Johnson,Room 204,20
128,L128,CS302 Lecture 8 - Part B,SPRING2026,8,2026-04-01,Wednesday,14:00:00.000,15:00:00.000,scheduled,2,CS302,Data Science Fundamentals,3,G03,Group A,3,T03,Dr. Johnson,Room 501,20
129,L129,CS301 Lecture 9 - Part A,SPRING2026,9,2026-04-06,Monday,10:00:00.000,11:00:00.000,scheduled,1,CS301,Artificial Intelligence,1,G01,Group A,1,T01,Dr. Ahmed,Room 204,20
130,L130,CS301 Lecture 9 - Part B,SPRING2026,9,2026-04-08,Wednesday,14:00:00.000,15:00:00.000,scheduled,1,CS301,Artificial Intelligence,1,G01,Group A,1,T01,Dr. Ahmed,Room 204,20
131,L131,CS301 Lecture 9 - Part A,SPRING2026,9,2026-04-06,Monday,10:00:00.000,11:00:00.000,scheduled,1,CS301,Artificial Intelligence,2,G02,Group B,1,T01,Dr. Ahmed,Room 204,20
132,L132,CS301 Lecture 9 - Part B,SPRING2026,9,2026-04-08,Wednesday,14:00:00.000,15:00:00.000,scheduled,1,CS301,Artificial Intelligence,2,G02,Group B,1,T01,Dr. Ahmed,Room 305,20
133,L133,CS302 Lecture 9 - Part A,SPRING2026,9,2026-04-06,Monday,10:00:00.000,11:00:00.000,scheduled,2,CS302,Data Science Fundamentals,3,G03,Group A,1,T01,Dr. Ahmed,Room 401,20
134,L134,CS302 Lecture 9 - Part B,SPRING2026,9,2026-04-08,Wednesday,14:00:00.000,15:00:00.000,scheduled,2,CS302,Data Science Fundamentals,3,G03,Group A,1,T01,Dr. Ahmed,Room 204,20
135,L135,CS302 Lecture 9 - Part A,SPRING2026,9,2026-04-06,Monday,10:00:00.000,11:00:00.000,scheduled,2,CS302,Data Science Fundamentals,4,G04,Group B,1,T01,Dr. Ahmed,Room 305,20
136,L136,CS302 Lecture 9 - Part B,SPRING2026,9,2026-04-08,Wednesday,14:00:00.000,15:00:00.000,scheduled,2,CS302,Data Science Fundamentals,4,G04,Group B,1,T01,Dr. Ahmed,Room 501,20
137,L137,CS401 Lecture 9 - Part A,SPRING2026,9,2026-04-06,Monday,10:00:00.000,11:00:00.000,scheduled,3,CS401,Advanced Machine Learning,5,G05,Group A,2,T02,Dr. Smith,Room 501,20
138,L138,CS401 Lecture 9 - Part B,SPRING2026,9,2026-04-08,Wednesday,14:00:00.000,15:00:00.000,scheduled,3,CS401,Advanced Machine Learning,5,G05,Group A,2,T02,Dr. Smith,Room 204,20
139,L139,MATH201 Lecture 9 - Part A,SPRING2026,9,2026-04-06,Monday,10:00:00.000,11:00:00.000,scheduled,4,MATH201,Statistics for Data Analysis,6,G06,Group B,2,T02,Dr. Smith,Room 401,20
140,L140,MATH201 Lecture 9 - Part B,SPRING2026,9,2026-04-08,Wednesday,14:00:00.000,15:00:00.000,scheduled,4,MATH201,Statistics for Data Analysis,6,G06,Group B,2,T02,Dr. Smith,Room 305,20
141,L141,CS301 Lecture 9 - Part A,SPRING2026,9,2026-04-06,Monday,10:00:00.000,11:00:00.000,scheduled,1,CS301,Artificial Intelligence,1,G01,Group A,3,T03,Dr. Johnson,Room 204,20
142,L142,CS301 Lecture 9 - Part B,SPRING2026,9,2026-04-08,Wednesday,14:00:00.000,15:00:00.000,scheduled,1,CS301,Artificial Intelligence,1,G01,Group A,3,T03,Dr. Johnson,Room 204,20
143,L143,CS302 Lecture 9 - Part A,SPRING2026,9,2026-04-06,Monday,10:00:00.000,11:00:00.000,scheduled,2,CS302,Data Science Fundamentals,3,G03,Group A,3,T03,Dr. Johnson,Room 305,20
144,L144,CS302 Lecture 9 - Part B,SPRING2026,9,2026-04-08,Wednesday,14:00:00.000,15:00:00.000,scheduled,2,CS302,Data Science Fundamentals,3,G03,Group A,3,T03,Dr. Johnson,Room 204,20
145,L145,CS301 Lecture 10 - Part A,SPRING2026,10,2026-04-13,Monday,10:00:00.000,11:00:00.000,scheduled,1,CS301,Artificial Intelligence,1,G01,Group A,1,T01,Dr. Ahmed,Room 204,20
146,L146,CS301 Lecture 10 - Part B,SPRING2026,10,2026-04-15,Wednesday,14:00:00.000,15:00:00.000,scheduled,1,CS301,Artificial Intelligence,1,G01,Group A,1,T01,Dr. Ahmed,Room 401,20
147,L147,CS301 Lecture 10 - Part A,SPRING2026,10,2026-04-13,Monday,10:00:00.000,11:00:00.000,scheduled,1,CS301,Artificial Intelligence,2,G02,Group B,1,T01,Dr. Ahmed,Room 501,20
148,L148,CS301 Lecture 10 - Part B,SPRING2026,10,2026-04-15,Wednesday,14:00:00.000,15:00:00.000,scheduled,1,CS301,Artificial Intelligence,2,G02,Group B,1,T01,Dr. Ahmed,Room 305,20
149,L149,CS302 Lecture 10 - Part A,SPRING2026,10,2026-04-13,Monday,10:00:00.000,11:00:00.000,scheduled,2,CS302,Data Science Fundamentals,3,G03,Group A,1,T01,Dr. Ahmed,Room 401,20
150,L150,CS302 Lecture 10 - Part B,SPRING2026,10,2026-04-15,Wednesday,14:00:00.000,15:00:00.000,scheduled,2,CS302,Data Science Fundamentals,3,G03,Group A,1,T01,Dr. Ahmed,Room 305,20
151,L151,CS302 Lecture 10 - Part A,SPRING2026,10,2026-04-13,Monday,10:00:00.000,11:00:00.000,scheduled,2,CS302,Data Science Fundamentals,4,G04,Group B,1,T01,Dr. Ahmed,Room 305,20
152,L152,CS302 Lecture 10 - Part B,SPRING2026,10,2026-04-15,Wednesday,14:00:00.000,15:00:00.000,scheduled,2,CS302,Data Science Fundamentals,4,G04,Group B,1,T01,Dr. Ahmed,Room 501,20
153,L153,CS401 Lecture 10 - Part A,SPRING2026,10,2026-04-13,Monday,10:00:00.000,11:00:00.000,scheduled,3,CS401,Advanced Machine Learning,5,G05,Group A,2,T02,Dr. Smith,Room 204,20
154,L154,CS401 Lecture 10 - Part B,SPRING2026,10,2026-04-15,Wednesday,14:00:00.000,15:00:00.000,scheduled,3,CS401,Advanced Machine Learning,5,G05,Group A,2,T02,Dr. Smith,Room 401,20
155,L155,MATH201 Lecture 10 - Part A,SPRING2026,10,2026-04-13,Monday,10:00:00.000,11:00:00.000,scheduled,4,MATH201,Statistics for Data Analysis,6,G06,Group B,2,T02,Dr. Smith,Room 204,20
156,L156,MATH201 Lecture 10 - Part B,SPRING2026,10,2026-04-15,Wednesday,14:00:00.000,15:00:00.000,scheduled,4,MATH201,Statistics for Data Analysis,6,G06,Group B,2,T02,Dr. Smith,Room 204,20
157,L157,CS301 Lecture 10 - Part A,SPRING2026,10,2026-04-13,Monday,10:00:00.000,11:00:00.000,scheduled,1,CS301,Artificial Intelligence,1,G01,Group A,3,T03,Dr. Johnson,Room 204,20
158,L158,CS301 Lecture 10 - Part B,SPRING2026,10,2026-04-15,Wednesday,14:00:00.000,15:00:00.000,scheduled,1,CS301,Artificial Intelligence,1,G01,Group A,3,T03,Dr. Johnson,Room 401,20
159,L159,CS302 Lecture 10 - Part A,SPRING2026,10,2026-04-13,Monday,10:00:00.000,11:00:00.000,scheduled,2,CS302,Data Science Fundamentals,3,G03,Group A,3,T03,Dr. Johnson,Room 401,20
160,L160,CS302 Lecture 10 - Part B,SPRING2026,10,2026-04-15,Wednesday,14:00:00.000,15:00:00.000,scheduled,2,CS302,Data Science Fundamentals,3,G03,Group A,3,T03,Dr. Johnson,Room 501,20
161,L161,CS301 Lecture 11 - Part A,SPRING2026,11,2026-04-20,Monday,10:00:00.000,11:00:00.000,scheduled,1,CS301,Artificial Intelligence,1,G01,Group A,1,T01,Dr. Ahmed,Room 204,20
162,L162,CS301 Lecture 11 - Part B,SPRING2026,11,2026-04-22,Wednesday,14:00:00.000,15:00:00.000,scheduled,1,CS301,Artificial Intelligence,1,G01,Group A,1,T01,Dr. Ahmed,Room 305,20
163,L163,CS301 Lecture 11 - Part A,SPRING2026,11,2026-04-20,Monday,10:00:00.000,11:00:00.000,scheduled,1,CS301,Artificial Intelligence,2,G02,Group B,1,T01,Dr. Ahmed,Room 305,20
164,L164,CS301 Lecture 11 - Part B,SPRING2026,11,2026-04-22,Wednesday,14:00:00.000,15:00:00.000,scheduled,1,CS301,Artificial Intelligence,2,G02,Group B,1,T01,Dr. Ahmed,Room 401,20
165,L165,CS302 Lecture 11 - Part A,SPRING2026,11,2026-04-20,Monday,10:00:00.000,11:00:00.000,scheduled,2,CS302,Data Science Fundamentals,3,G03,Group A,1,T01,Dr. Ahmed,Room 305,20
166,L166,CS302 Lecture 11 - Part B,SPRING2026,11,2026-04-22,Wednesday,14:00:00.000,15:00:00.000,scheduled,2,CS302,Data Science Fundamentals,3,G03,Group A,1,T01,Dr. Ahmed,Room 501,20
167,L167,CS302 Lecture 11 - Part A,SPRING2026,11,2026-04-20,Monday,10:00:00.000,11:00:00.000,scheduled,2,CS302,Data Science Fundamentals,4,G04,Group B,1,T01,Dr. Ahmed,Room 401,20
168,L168,CS302 Lecture 11 - Part B,SPRING2026,11,2026-04-22,Wednesday,14:00:00.000,15:00:00.000,scheduled,2,CS302,Data Science Fundamentals,4,G04,Group B,1,T01,Dr. Ahmed,Room 401,20
169,L169,CS401 Lecture 11 - Part A,SPRING2026,11,2026-04-20,Monday,10:00:00.000,11:00:00.000,scheduled,3,CS401,Advanced Machine Learning,5,G05,Group A,2,T02,Dr. Smith,Room 305,20
170,L170,CS401 Lecture 11 - Part B,SPRING2026,11,2026-04-22,Wednesday,14:00:00.000,15:00:00.000,scheduled,3,CS401,Advanced Machine Learning,5,G05,Group A,2,T02,Dr. Smith,Room 204,20
171,L171,MATH201 Lecture 11 - Part A,SPRING2026,11,2026-04-20,Monday,10:00:00.000,11:00:00.000,scheduled,4,MATH201,Statistics for Data Analysis,6,G06,Group B,2,T02,Dr. Smith,Room 501,20
172,L172,MATH201 Lecture 11 - Part B,SPRING2026,11,2026-04-22,Wednesday,14:00:00.000,15:00:00.000,scheduled,4,MATH201,Statistics for Data Analysis,6,G06,Group B,2,T02,Dr. Smith,Room 204,20
173,L173,CS301 Lecture 11 - Part A,SPRING2026,11,2026-04-20,Monday,10:00:00.000,11:00:00.000,scheduled,1,CS301,Artificial Intelligence,1,G01,Group A,3,T03,Dr. Johnson,Room 501,20
174,L174,CS301 Lecture 11 - Part B,SPRING2026,11,2026-04-22,Wednesday,14:00:00.000,15:00:00.000,scheduled,1,CS301,Artificial Intelligence,1,G01,Group A,3,T03,Dr. Johnson,Room 305,20
175,L175,CS302 Lecture 11 - Part A,SPRING2026,11,2026-04-20,Monday,10:00:00.000,11:00:00.000,scheduled,2,CS302,Data Science Fundamentals,3,G03,Group A,3,T03,Dr. Johnson,Room 204,20
176,L176,CS302 Lecture 11 - Part B,SPRING2026,11,2026-04-22,Wednesday,14:00:00.000,15:00:00.000,scheduled,2,CS302,Data Science Fundamentals,3,G03,Group A,3,T03,Dr. Johnson,Room 305,20
177,L177,CS301 Lecture 12 - Part A,SPRING2026,12,2026-04-27,Monday,10:00:00.000,11:00:00.000,scheduled,1,CS301,Artificial Intelligence,1,G01,Group A,1,T01,Dr. Ahmed,Room 401,20
178,L178,CS301 Lecture 12 - Part B,SPRING2026,12,2026-04-29,Wednesday,14:00:00.000,15:00:00.000,scheduled,1,CS301,Artificial Intelligence,1,G01,Group A,1,T01,Dr. Ahmed,Room 305,20
179,L179,CS301 Lecture 12 - Part A,SPRING2026,12,2026-04-27,Monday,10:00:00.000,11:00:00.000,scheduled,1,CS301,Artificial Intelligence,2,G02,Group B,1,T01,Dr. Ahmed,Room 305,20
180,L180,CS301 Lecture 12 - Part B,SPRING2026,12,2026-04-29,Wednesday,14:00:00.000,15:00:00.000,scheduled,1,CS301,Artificial Intelligence,2,G02,Group B,1,T01,Dr. Ahmed,Room 501,20
181,L181,CS302 Lecture 12 - Part A,SPRING2026,12,2026-04-27,Monday,10:00:00.000,11:00:00.000,scheduled,2,CS302,Data Science Fundamentals,3,G03,Group A,1,T01,Dr. Ahmed,Room 305,20
182,L182,CS302 Lecture 12 - Part B,SPRING2026,12,2026-04-29,Wednesday,14:00:00.000,15:00:00.000,scheduled,2,CS302,Data Science Fundamentals,3,G03,Group A,1,T01,Dr. Ahmed,Room 305,20
183,L183,CS302 Lecture 12 - Part A,SPRING2026,12,2026-04-27,Monday,10:00:00.000,11:00:00.000,scheduled,2,CS302,Data Science Fundamentals,4,G04,Group B,1,T01,Dr. Ahmed,Room 305,20
184,L184,CS302 Lecture 12 - Part B,SPRING2026,12,2026-04-29,Wednesday,14:00:00.000,15:00:00.000,scheduled,2,CS302,Data Science Fundamentals,4,G04,Group B,1,T01,Dr. Ahmed,Room 401,20
185,L185,CS401 Lecture 12 - Part A,SPRING2026,12,2026-04-27,Monday,10:00:00.000,11:00:00.000,scheduled,3,CS401,Advanced Machine Learning,5,G05,Group A,2,T02,Dr. Smith,Room 305,20
186,L186,CS401 Lecture 12 - Part B,SPRING2026,12,2026-04-29,Wednesday,14:00:00.000,15:00:00.000,scheduled,3,CS401,Advanced Machine Learning,5,G05,Group A,2,T02,Dr. Smith,Room 501,20
187,L187,MATH201 Lecture 12 - Part A,SPRING2026,12,2026-04-27,Monday,10:00:00.000,11:00:00.000,scheduled,4,MATH201,Statistics for Data Analysis,6,G06,Group B,2,T02,Dr. Smith,Room 501,20
188,L188,MATH201 Lecture 12 - Part B,SPRING2026,12,2026-04-29,Wednesday,14:00:00.000,15:00:00.000,scheduled,4,MATH201,Statistics for Data Analysis,6,G06,Group B,2,T02,Dr. Smith,Room 401,20
189,L189,CS301 Lecture 12 - Part A,SPRING2026,12,2026-04-27,Monday,10:00:00.000,11:00:00.000,scheduled,1,CS301,Artificial Intelligence,1,G01,Group A,3,T03,Dr. Johnson,Room 305,20
190,L190,CS301 Lecture 12 - Part B,SPRING2026,12,2026-04-29,Wednesday,14:00:00.000,15:00:00.000,scheduled,1,CS301,Artificial Intelligence,1,G01,Group A,3,T03,Dr. Johnson,Room 305,20
191,L191,CS302 Lecture 12 - Part A,SPRING2026,12,2026-04-27,Monday,10:00:00.000,11:00:00.000,scheduled,2,CS302,Data Science Fundamentals,3,G03,Group A,3,T03,Dr. Johnson,Room 401,20
192,L192,CS302 Lecture 12 - Part B,SPRING2026,12,2026-04-29,Wednesday,14:00:00.000,15:00:00.000,scheduled,2,CS302,Data Science Fundamentals,3,G03,Group A,3,T03,Dr. Johnson,Room 501,20
193,L193,CS301 Lecture 13 - Part A,SPRING2026,13,2026-05-04,Monday,10:00:00.000,11:00:00.000,scheduled,1,CS301,Artificial Intelligence,1,G01,Group A,1,T01,Dr. Ahmed,Room 305,20
194,L194,CS301 Lecture 13 - Part B,SPRING2026,13,2026-05-06,Wednesday,14:00:00.000,15:00:00.000,scheduled,1,CS301,Artificial Intelligence,1,G01,Group A,1,T01,Dr. Ahmed,Room 501,20
195,L195,CS301 Lecture 13 - Part A,SPRING2026,13,2026-05-04,Monday,10:00:00.000,11:00:00.000,scheduled,1,CS301,Artificial Intelligence,2,G02,Group B,1,T01,Dr. Ahmed,Room 501,20
196,L196,CS301 Lecture 13 - Part B,SPRING2026,13,2026-05-06,Wednesday,14:00:00.000,15:00:00.000,scheduled,1,CS301,Artificial Intelligence,2,G02,Group B,1,T01,Dr. Ahmed,Room 305,20
197,L197,CS302 Lecture 13 - Part A,SPRING2026,13,2026-05-04,Monday,10:00:00.000,11:00:00.000,scheduled,2,CS302,Data Science Fundamentals,3,G03,Group A,1,T01,Dr. Ahmed,Room 204,20
198,L198,CS302 Lecture 13 - Part B,SPRING2026,13,2026-05-06,Wednesday,14:00:00.000,15:00:00.000,scheduled,2,CS302,Data Science Fundamentals,3,G03,Group A,1,T01,Dr. Ahmed,Room 204,20
199,L199,CS302 Lecture 13 - Part A,SPRING2026,13,2026-05-04,Monday,10:00:00.000,11:00:00.000,scheduled,2,CS302,Data Science Fundamentals,4,G04,Group B,1,T01,Dr. Ahmed,Room 305,20
200,L200,CS302 Lecture 13 - Part B,SPRING2026,13,2026-05-06,Wednesday,14:00:00.000,15:00:00.000,scheduled,2,CS302,Data Science Fundamentals,4,G04,Group B,1,T01,Dr. Ahmed,Room 501,20
201,L201,CS401 Lecture 13 - Part A,SPRING2026,13,2026-05-04,Monday,10:00:00.000,11:00:00.000,scheduled,3,CS401,Advanced Machine Learning,5,G05,Group A,2,T02,Dr. Smith,Room 501,20
202,L202,CS401 Lecture 13 - Part B,SPRING2026,13,2026-05-06,Wednesday,14:00:00.000,15:00:00.000,scheduled,3,CS401,Advanced Machine Learning,5,G05,Group A,2,T02,Dr. Smith,Room 305,20
203,L203,MATH201 Lecture 13 - Part A,SPRING2026,13,2026-05-04,Monday,10:00:00.000,11:00:00.000,scheduled,4,MATH201,Statistics for Data Analysis,6,G06,Group B,2,T02,Dr. Smith,Room 204,20
204,L204,MATH201 Lecture 13 - Part B,SPRING2026,13,2026-05-06,Wednesday,14:00:00.000,15:00:00.000,scheduled,4,MATH201,Statistics for Data Analysis,6,G06,Group B,2,T02,Dr. Smith,Room 501,20
205,L205,CS301 Lecture 13 - Part A,SPRING2026,13,2026-05-04,Monday,10:00:00.000,11:00:00.000,scheduled,1,CS301,Artificial Intelligence,1,G01,Group A,3,T03,Dr. Johnson,Room 401,20
206,L206,CS301 Lecture 13 - Part B,SPRING2026,13,2026-05-06,Wednesday,14:00:00.000,15:00:00.000,scheduled,1,CS301,Artificial Intelligence,1,G01,Group A,3,T03,Dr. Johnson,Room 204,20
207,L207,CS302 Lecture 13 - Part A,SPRING2026,13,2026-05-04,Monday,10:00:00.000,11:00:00.000,scheduled,2,CS302,Data Science Fundamentals,3,G03,Group A,3,T03,Dr. Johnson,Room 305,20
208,L208,CS302 Lecture 13 - Part B,SPRING2026,13,2026-05-06,Wednesday,14:00:00.000,15:00:00.000,scheduled,2,CS302,Data Science Fundamentals,3,G03,Group A,3,T03,Dr. Johnson,Room 305,20
209,L209,CS301 Lecture 14 - Part A,SPRING2026,14,2026-05-11,Monday,10:00:00.000,11:00:00.000,scheduled,1,CS301,Artificial Intelligence,1,G01,Group A,1,T01,Dr. Ahmed,Room 305,20
210,L210,CS301 Lecture 14 - Part B,SPRING2026,14,2026-05-13,Wednesday,14:00:00.000,15:00:00.000,scheduled,1,CS301,Artificial Intelligence,1,G01,Group A,1,T01,Dr. Ahmed,Room 501,20
211,L211,CS301 Lecture 14 - Part A,SPRING2026,14,2026-05-11,Monday,10:00:00.000,11:00:00.000,scheduled,1,CS301,Artificial Intelligence,2,G02,Group B,1,T01,Dr. Ahmed,Room 305,20
212,L212,CS301 Lecture 14 - Part B,SPRING2026,14,2026-05-13,Wednesday,14:00:00.000,15:00:00.000,scheduled,1,CS301,Artificial Intelligence,2,G02,Group B,1,T01,Dr. Ahmed,Room 401,20
213,L213,CS302 Lecture 14 - Part A,SPRING2026,14,2026-05-11,Monday,10:00:00.000,11:00:00.000,scheduled,2,CS302,Data Science Fundamentals,3,G03,Group A,1,T01,Dr. Ahmed,Room 501,20
214,L214,CS302 Lecture 14 - Part B,SPRING2026,14,2026-05-13,Wednesday,14:00:00.000,15:00:00.000,scheduled,2,CS302,Data Science Fundamentals,3,G03,Group A,1,T01,Dr. Ahmed,Room 401,20
215,L215,CS302 Lecture 14 - Part A,SPRING2026,14,2026-05-11,Monday,10:00:00.000,11:00:00.000,scheduled,2,CS302,Data Science Fundamentals,4,G04,Group B,1,T01,Dr. Ahmed,Room 305,20
216,L216,CS302 Lecture 14 - Part B,SPRING2026,14,2026-05-13,Wednesday,14:00:00.000,15:00:00.000,scheduled,2,CS302,Data Science Fundamentals,4,G04,Group B,1,T01,Dr. Ahmed,Room 204,20
217,L217,CS401 Lecture 14 - Part A,SPRING2026,14,2026-05-11,Monday,10:00:00.000,11:00:00.000,scheduled,3,CS401,Advanced Machine Learning,5,G05,Group A,2,T02,Dr. Smith,Room 501,20
218,L218,CS401 Lecture 14 - Part B,SPRING2026,14,2026-05-13,Wednesday,14:00:00.000,15:00:00.000,scheduled,3,CS401,Advanced Machine Learning,5,G05,Group A,2,T02,Dr. Smith,Room 305,20
219,L219,MATH201 Lecture 14 - Part A,SPRING2026,14,2026-05-11,Monday,10:00:00.000,11:00:00.000,scheduled,4,MATH201,Statistics for Data Analysis,6,G06,Group B,2,T02,Dr. Smith,Room 204,20
220,L220,MATH201 Lecture 14 - Part B,SPRING2026,14,2026-05-13,Wednesday,14:00:00.000,15:00:00.000,scheduled,4,MATH201,Statistics for Data Analysis,6,G06,Group B,2,T02,Dr. Smith,Room 305,20
221,L221,CS301 Lecture 14 - Part A,SPRING2026,14,2026-05-11,Monday,10:00:00.000,11:00:00.000,scheduled,1,CS301,Artificial Intelligence,1,G01,Group A,3,T03,Dr. Johnson,Room 204,20
222,L222,CS301 Lecture 14 - Part B,SPRING2026,14,2026-05-13,Wednesday,14:00:00.000,15:00:00.000,scheduled,1,CS301,Artificial Intelligence,1,G01,Group A,3,T03,Dr. Johnson,Room 204,20
223,L223,CS302 Lecture 14 - Part A,SPRING2026,14,2026-05-11,Monday,10:00:00.000,11:00:00.000,scheduled,2,CS302,Data Science Fundamentals,3,G03,Group A,3,T03,Dr. Johnson,Room 204,20
224,L224,CS302 Lecture 14 - Part B,SPRING2026,14,2026-05-13,Wednesday,14:00:00.000,15:00:00.000,scheduled,2,CS302,Data Science Fundamentals,3,G03,Group A,3,T03,Dr. Johnson,Room 401,20
225,L225,CS301 Lecture 15 - Part A,SPRING2026,15,2026-05-18,Monday,10:00:00.000,11:00:00.000,scheduled,1,CS301,Artificial Intelligence,1,G01,Group A,1,T01,Dr. Ahmed,Room 305,20
226,L226,CS301 Lecture 15 - Part B,SPRING2026,15,2026-05-20,Wednesday,14:00:00.000,15:00:00.000,scheduled,1,CS301,Artificial Intelligence,1,G01,Group A,1,T01,Dr. Ahmed,Room 305,20
227,L227,CS301 Lecture 15 - Part A,SPRING2026,15,2026-05-18,Monday,10:00:00.000,11:00:00.000,scheduled,1,CS301,Artificial Intelligence,2,G02,Group B,1,T01,Dr. Ahmed,Room 501,20
228,L228,CS301 Lecture 15 - Part B,SPRING2026,15,2026-05-20,Wednesday,14:00:00.000,15:00:00.000,scheduled,1,CS301,Artificial Intelligence,2,G02,Group B,1,T01,Dr. Ahmed,Room 305,20
229,L229,CS302 Lecture 15 - Part A,SPRING2026,15,2026-05-18,Monday,10:00:00.000,11:00:00.000,scheduled,2,CS302,Data Science Fundamentals,3,G03,Group A,1,T01,Dr. Ahmed,Room 204,20
230,L230,CS302 Lecture 15 - Part B,SPRING2026,15,2026-05-20,Wednesday,14:00:00.000,15:00:00.000,scheduled,2,CS302,Data Science Fundamentals,3,G03,Group A,1,T01,Dr. Ahmed,Room 204,20
231,L231,CS302 Lecture 15 - Part A,SPRING2026,15,2026-05-18,Monday,10:00:00.000,11:00:00.000,scheduled,2,CS302,Data Science Fundamentals,4,G04,Group B,1,T01,Dr. Ahmed,Room 401,20
232,L232,CS302 Lecture 15 - Part B,SPRING2026,15,2026-05-20,Wednesday,14:00:00.000,15:00:00.000,scheduled,2,CS302,Data Science Fundamentals,4,G04,Group B,1,T01,Dr. Ahmed,Room 305,20
233,L233,CS401 Lecture 15 - Part A,SPRING2026,15,2026-05-18,Monday,10:00:00.000,11:00:00.000,scheduled,3,CS401,Advanced Machine Learning,5,G05,Group A,2,T02,Dr. Smith,Room 305,20
234,L234,CS401 Lecture 15 - Part B,SPRING2026,15,2026-05-20,Wednesday,14:00:00.000,15:00:00.000,scheduled,3,CS401,Advanced Machine Learning,5,G05,Group A,2,T02,Dr. Smith,Room 401,20
235,L235,MATH201 Lecture 15 - Part A,SPRING2026,15,2026-05-18,Monday,10:00:00.000,11:00:00.000,scheduled,4,MATH201,Statistics for Data Analysis,6,G06,Group B,2,T02,Dr. Smith,Room 401,20
236,L236,MATH201 Lecture 15 - Part B,SPRING2026,15,2026-05-20,Wednesday,14:00:00.000,15:00:00.000,scheduled,4,MATH201,Statistics for Data Analysis,6,G06,Group B,2,T02,Dr. Smith,Room 204,20
237,L237,CS301 Lecture 15 - Part A,SPRING2026,15,2026-05-18,Monday,10:00:00.000,11:00:00.000,scheduled,1,CS301,Artificial Intelligence,1,G01,Group A,3,T03,Dr. Johnson,Room 401,20
238,L238,CS301 Lecture 15 - Part B,SPRING2026,15,2026-05-20,Wednesday,14:00:00.000,15:00:00.000,scheduled,1,CS301,Artificial Intelligence,1,G01,Group A,3,T03,Dr. Johnson,Room 501,20
239,L239,CS302 Lecture 15 - Part A,SPRING2026,15,2026-05-18,Monday,10:00:00.000,11:00:00.000,scheduled,2,CS302,Data Science Fundamentals,3,G03,Group A,3,T03,Dr. Johnson,Room 305,20
240,L240,CS302 Lecture 15 - Part B,SPRING2026,15,2026-05-20,Wednesday,14:00:00.000,15:00:00.000,scheduled,2,CS302,Data Science Fundamentals,3,G03,Group A,3,T03,Dr. Johnson,Room 501,20
241,L241,CS301 Lecture 16 - Part A,SPRING2026,16,2026-05-25,Monday,10:00:00.000,11:00:00.000,scheduled,1,CS301,Artificial Intelligence,1,G01,Group A,1,T01,Dr. Ahmed,Room 204,20
242,L242,CS301 Lecture 16 - Part B,SPRING2026,16,2026-05-27,Wednesday,14:00:00.000,15:00:00.000,scheduled,1,CS301,Artificial Intelligence,1,G01,Group A,1,T01,Dr. Ahmed,Room 401,20
243,L243,CS301 Lecture 16 - Part A,SPRING2026,16,2026-05-25,Monday,10:00:00.000,11:00:00.000,scheduled,1,CS301,Artificial Intelligence,2,G02,Group B,1,T01,Dr. Ahmed,Room 401,20
244,L244,CS301 Lecture 16 - Part B,SPRING2026,16,2026-05-27,Wednesday,14:00:00.000,15:00:00.000,scheduled,1,CS301,Artificial Intelligence,2,G02,Group B,1,T01,Dr. Ahmed,Room 305,20
245,L245,CS302 Lecture 16 - Part A,SPRING2026,16,2026-05-25,Monday,10:00:00.000,11:00:00.000,scheduled,2,CS302,Data Science Fundamentals,3,G03,Group A,1,T01,Dr. Ahmed,Room 501,20
246,L246,CS302 Lecture 16 - Part B,SPRING2026,16,2026-05-27,Wednesday,14:00:00.000,15:00:00.000,scheduled,2,CS302,Data Science Fundamentals,3,G03,Group A,1,T01,Dr. Ahmed,Room 501,20
247,L247,CS302 Lecture 16 - Part A,SPRING2026,16,2026-05-25,Monday,10:00:00.000,11:00:00.000,scheduled,2,CS302,Data Science Fundamentals,4,G04,Group B,1,T01,Dr. Ahmed,Room 501,20
248,L248,CS302 Lecture 16 - Part B,SPRING2026,16,2026-05-27,Wednesday,14:00:00.000,15:00:00.000,scheduled,2,CS302,Data Science Fundamentals,4,G04,Group B,1,T01,Dr. Ahmed,Room 401,20
249,L249,CS401 Lecture 16 - Part A,SPRING2026,16,2026-05-25,Monday,10:00:00.000,11:00:00.000,scheduled,3,CS401,Advanced Machine Learning,5,G05,Group A,2,T02,Dr. Smith,Room 204,20
250,L250,CS401 Lecture 16 - Part B,SPRING2026,16,2026-05-27,Wednesday,14:00:00.000,15:00:00.000,scheduled,3,CS401,Advanced Machine Learning,5,G05,Group A,2,T02,Dr. Smith,Room 204,20
251,L251,MATH201 Lecture 16 - Part A,SPRING2026,16,2026-05-25,Monday,10:00:00.000,11:00:00.000,scheduled,4,MATH201,Statistics for Data Analysis,6,G06,Group B,2,T02,Dr. Smith,Room 204,20
252,L252,MATH201 Lecture 16 - Part B,SPRING2026,16,2026-05-27,Wednesday,14:00:00.000,15:00:00.000,scheduled,4,MATH201,Statistics for Data Analysis,6,G06,Group B,2,T02,Dr. Smith,Room 305,20
253,L253,CS301 Lecture 16 - Part A,SPRING2026,16,2026-05-25,Monday,10:00:00.000,11:00:00.000,scheduled,1,CS301,Artificial Intelligence,1,G01,Group A,3,T03,Dr. Johnson,Room 204,20
254,L254,CS301 Lecture 16 - Part B,SPRING2026,16,2026-05-27,Wednesday,14:00:00.000,15:00:00.000,scheduled,1,CS301,Artificial Intelligence,1,G01,Group A,3,T03,Dr. Johnson,Room 401,20
255,L255,CS302 Lecture 16 - Part A,SPRING2026,16,2026-05-25,Monday,10:00:00.000,11:00:00.000,scheduled,2,CS302,Data Science Fundamentals,3,G03,Group A,3,T03,Dr. Johnson,Room 305,20
256,L256,CS302 Lecture 16 - Part B,SPRING2026,16,2026-05-27,Wednesday,14:00:00.000,15:00:00.000,scheduled,2,CS302,Data Science Fundamentals,3,G03,Group A,3,T03,Dr. Johnson,Room 501,20
257,L257,CS301 Week 1 Lecture,SPRING2026,1,2026-05-08,Friday,17:42:08.330,NA,in_progress,1,CS301,Artificial Intelligence,7,CS301-EG-A,Egyptian AI Cohort A,4,EGCS001,Dr. Ahmed Hassan El-Sayed,NA,20
258,L258,CS301 Week 1 Lecture,SPRING2026,1,2026-05-08,Friday,17:42:25.911,NA,in_progress,1,CS301,Artificial Intelligence,7,CS301-EG-A,Egyptian AI Cohort A,4,EGCS001,Dr. Ahmed Hassan El-Sayed,NA,20
259,L259,CS301 Week 1 Lecture,SPRING2026,1,2026-05-08,Friday,17:43:37.655,NA,in_progress,1,CS301,Artificial Intelligence,7,CS301-EG-A,Egyptian AI Cohort A,4,EGCS001,Dr. Ahmed Hassan El-Sayed,NA,20
260,L260,CS301 Week 1 Lecture,SPRING2026,1,2026-05-08,Friday,17:43:46.231,17:46:06.239,analyzed,1,CS301,Artificial Intelligence,7,CS301-EG-A,Egyptian AI Cohort A,4,EGCS001,Dr. Ahmed Hassan El-Sayed,NA,20
261,FR001,FACE101 Week 1 Attendance,SPRING2026,1,2026-02-09,Monday,09:00:00.000,10:00:00.000,scheduled,5,FACE101,Face Recognition Attendance,8,FACE_G01,StudentPicsDataset Group,6,L001,Dr. Linda Ahmed,Room FACE,119
262,FR002,FACE101 Week 2 Attendance,SPRING2026,2,2026-02-16,Monday,09:00:00.000,10:00:00.000,scheduled,5,FACE101,Face Recognition Attendance,8,FACE_G01,StudentPicsDataset Group,6,L001,Dr. Linda Ahmed,Room FACE,119
263,FR003,FACE101 Week 3 Attendance,SPRING2026,3,2026-02-23,Monday,09:00:00.000,10:00:00.000,scheduled,5,FACE101,Face Recognition Attendance,8,FACE_G01,StudentPicsDataset Group,6,L001,Dr. Linda Ahmed,Room FACE,119
264,FR004,FACE101 Week 4 Attendance,SPRING2026,4,2026-03-02,Monday,09:00:00.000,10:00:00.000,scheduled,5,FACE101,Face Recognition Attendance,8,FACE_G01,StudentPicsDataset Group,6,L001,Dr. Linda Ahmed,Room FACE,119
265,FR005,FACE101 Week 5 Attendance,SPRING2026,5,2026-03-09,Monday,09:00:00.000,10:00:00.000,scheduled,5,FACE101,Face Recognition Attendance,8,FACE_G01,StudentPicsDataset Group,6,L001,Dr. Linda Ahmed,Room FACE,119
266,FR006,FACE101 Week 6 Attendance,SPRING2026,6,2026-03-16,Monday,09:00:00.000,10:00:00.000,scheduled,5,FACE101,Face Recognition Attendance,8,FACE_G01,StudentPicsDataset Group,6,L001,Dr. Linda Ahmed,Room FACE,119
267,FR007,FACE101 Week 7 Attendance,SPRING2026,7,2026-03-23,Monday,09:00:00.000,10:00:00.000,scheduled,5,FACE101,Face Recognition Attendance,8,FACE_G01,StudentPicsDataset Group,6,L001,Dr. Linda Ahmed,Room FACE,119
268,FR008,FACE101 Week 8 Attendance,SPRING2026,8,2026-03-30,Monday,09:00:00.000,10:00:00.000,scheduled,5,FACE101,Face Recognition Attendance,8,FACE_G01,StudentPicsDataset Group,6,L001,Dr. Linda Ahmed,Room FACE,119
269,FR009,FACE101 Week 9 Attendance,SPRING2026,9,2026-04-06,Monday,09:00:00.000,10:00:00.000,scheduled,5,FACE101,Face Recognition Attendance,8,FACE_G01,StudentPicsDataset Group,6,L001,Dr. Linda Ahmed,Room FACE,119
270,FR010,FACE101 Week 10 Attendance,SPRING2026,10,2026-04-13,Monday,09:00:00.000,10:00:00.000,scheduled,5,FACE101,Face Recognition Attendance,8,FACE_G01,StudentPicsDataset Group,6,L001,Dr. Linda Ahmed,Room FACE,119
271,FR011,FACE101 Week 11 Attendance,SPRING2026,11,2026-04-20,Monday,09:00:00.000,10:00:00.000,scheduled,5,FACE101,Face Recognition Attendance,8,FACE_G01,StudentPicsDataset Group,6,L001,Dr. Linda Ahmed,Room FACE,119
272,FR012,FACE101 Week 12 Attendance,SPRING2026,12,2026-04-27,Monday,09:00:00.000,10:00:00.000,scheduled,5,FACE101,Face Recognition Attendance,8,FACE_G01,StudentPicsDataset Group,6,L001,Dr. Linda Ahmed,Room FACE,119
273,FR013,FACE101 Week 13 Attendance,SPRING2026,13,2026-05-04,Monday,09:00:00.000,10:00:00.000,scheduled,5,FACE101,Face Recognition Attendance,8,FACE_G01,StudentPicsDataset Group,6,L001,Dr. Linda Ahmed,Room FACE,119
274,FR014,FACE101 Week 14 Attendance,SPRING2026,14,2026-05-11,Monday,09:00:00.000,10:00:00.000,scheduled,5,FACE101,Face Recognition Attendance,8,FACE_G01,StudentPicsDataset Group,6,L001,Dr. Linda Ahmed,Room FACE,119
275,FR015,FACE101 Week 15 Attendance,SPRING2026,15,2026-05-18,Monday,09:00:00.000,10:00:00.000,scheduled,5,FACE101,Face Recognition Attendance,8,FACE_G01,StudentPicsDataset Group,6,L001,Dr. Linda Ahmed,Room FACE,119
276,FR016,FACE101 Week 16 Attendance,SPRING2026,16,2026-05-25,Monday,09:00:00.000,10:00:00.000,scheduled,5,FACE101,Face Recognition Attendance,8,FACE_G01,StudentPicsDataset Group,6,L001,Dr. Linda Ahmed,Room FACE,119
